id,name item,url pict
1296,Blackrock Mace,https://render-eu.worldofwarcraft.com/icons/56/inv_mace_06.jpg

1387,Ghoulfang,https://render-eu.worldofwarcraft.com/icons/56/inv_sword_07.jpg

1414,Cracked Sledge,https://render-eu.worldofwarcraft.com/icons/56/inv_hammer_09.jpg

1501,Calico Tunic,https://render-eu.worldofwarcraft.com/icons/56/inv_shirt_16.jpg

1502,Warped Leather Belt,https://render-eu.worldofwarcraft.com/icons/56/inv_belt_26.jpg

1738,Laced Mail Belt,https://render-eu.worldofwarcraft.com/icons/56/inv_belt_06.jpg

1744,Laced Mail Shoulderpads,https://render-eu.worldofwarcraft.com/icons/56/inv_shoulder_07.jpg

1759,Reinforced Chain Pants,https://render-eu.worldofwarcraft.com/icons/56/inv_pants_03.jpg

1766,Canvas Cloak,https://render-eu.worldofwarcraft.com/icons/56/inv_misc_cape_15.jpg

1777,Brocade Shoulderpads,https://render-eu.worldofwarcraft.com/icons/56/inv_shoulder_09.jpg

1784,Cross-Stitched Pants,https://render-eu.worldofwarcraft.com/icons/56/inv_pants_02.jpg

1788,Patched Leather Boots,https://render-eu.worldofwarcraft.com/icons/56/inv_boots_wolf.jpg

1795,Rawhide Belt,https://render-eu.worldofwarcraft.com/icons/56/inv_belt_24.jpg

1802,Rawhide Tunic,https://render-eu.worldofwarcraft.com/icons/56/inv_chest_leather_09.jpg

1804,Tough Leather Boots,https://render-eu.worldofwarcraft.com/icons/56/inv_boots_09.jpg

1809,Tough Leather Shoulderpads,https://render-eu.worldofwarcraft.com/icons/56/inv_shoulder_08.jpg

1815,Ornamental Mace,https://render-eu.worldofwarcraft.com/icons/56/inv_mace_03.jpg

1828,Stone War Axe,https://render-eu.worldofwarcraft.com/icons/56/inv_axe_20.jpg

1955,Dragonmaw Chain Boots,https://render-eu.worldofwarcraft.com/icons/56/inv_boots_01.jpg

2262,Mark of Kern,https://render-eu.worldofwarcraft.com/icons/56/inv_jewelry_ring_15.jpg

2295,Large Boar Tusk,https://render-eu.worldofwarcraft.com/icons/56/inv_misc_bone_04.jpg

2620,Augural Shroud,https://render-eu.worldofwarcraft.com/icons/56/inv_misc_cape_04.jpg

2622,Nimar's Tribal Headdress,https://render-eu.worldofwarcraft.com/icons/56/inv_helmet_04.jpg

3027,Heavy Recurve Bow,https://render-eu.worldofwarcraft.com/icons/56/inv_weapon_bow_01.jpg

3299,Fractured Canine,https://render-eu.worldofwarcraft.com/icons/56/inv_misc_bone_08.jpg

3305,Brackwater Leggings,https://render-eu.worldofwarcraft.com/icons/56/inv_pants_03.jpg

3328,Spider Web Robe,https://render-eu.worldofwarcraft.com/icons/56/inv_chest_cloth_34.jpg

3381,Cross-Stitched Bracers,https://render-eu.worldofwarcraft.com/icons/56/inv_bracer_13.jpg

4363,Broken Modulator,https://render-eu.worldofwarcraft.com/icons/56/inv_gizmo_03.jpg

4497,Heavy Brown Bag,https://render-eu.worldofwarcraft.com/icons/56/inv_misc_bag_10.jpg

4541,Freshly Baked Bread,https://render-eu.worldofwarcraft.com/icons/56/inv_misc_food_12.jpg

4639,Enchanted Sea Kelp,https://render-eu.worldofwarcraft.com/icons/56/inv_misc_herb_04.jpg

4671,Ancestral Cloak,https://render-eu.worldofwarcraft.com/icons/56/inv_misc_cape_10.jpg

4757,Cracked Egg Shells,https://render-eu.worldofwarcraft.com/icons/56/inv_egg_04.jpg

4775,Cracked Bill,https://render-eu.worldofwarcraft.com/icons/56/inv_misc_birdbeck_01.jpg

4779,Dull Kodo Tooth,https://render-eu.worldofwarcraft.com/icons/56/inv_stone_14.jpg

4786,Wise Man's Belt,https://render-eu.worldofwarcraft.com/icons/56/inv_belt_02.jpg

4822,Owl's Disk,https://render-eu.worldofwarcraft.com/icons/56/inv_shield_09.jpg

4852,Flash Bomb,https://render-eu.worldofwarcraft.com/icons/56/inv_misc_ammo_bullet_01.jpg

5079,Cold Basilisk Eye,https://render-eu.worldofwarcraft.com/icons/56/inv_misc_eye_01.jpg

5115,Broken Wishbone,https://render-eu.worldofwarcraft.com/icons/56/inv_misc_bone_10.jpg

7337,The Rock,https://render-eu.worldofwarcraft.com/icons/56/inv_jewelry_ring_31.jpg

7338,Mood Ring,https://render-eu.worldofwarcraft.com/icons/56/inv_jewelry_ring_12.jpg

7340,Flawless Diamond Solitaire,https://render-eu.worldofwarcraft.com/icons/56/inv_jewelry_ring_10.jpg

7341,Cubic Zirconia Ring,https://render-eu.worldofwarcraft.com/icons/56/inv_jewelry_ring_05.jpg

7342,Silver Piffeny Band,https://render-eu.worldofwarcraft.com/icons/56/inv_belt_33.jpg

9429,Miner's Hat of the Deep,https://render-eu.worldofwarcraft.com/icons/56/inv_helmet_15.jpg

10577,Goblin Mortar,https://render-eu.worldofwarcraft.com/icons/56/inv_musket_01.jpg

13930,Filet of Redgill,https://render-eu.worldofwarcraft.com/icons/56/inv_misc_fish_06.jpg

16712,Shadowcraft Gloves,https://render-eu.worldofwarcraft.com/icons/56/inv_gauntlets_24.jpg

18639,Ultra-Flash Shadow Reflector,https://render-eu.worldofwarcraft.com/icons/56/inv_misc_enggizmos_16.jpg

18701,Innervating Band,https://render-eu.worldofwarcraft.com/icons/56/inv_jewelry_ring_24.jpg

18702,Belt of the Ordained,https://render-eu.worldofwarcraft.com/icons/56/inv_belt_28.jpg

19287,Darkmoon Card: Heroism,https://render-eu.worldofwarcraft.com/icons/56/inv_misc_ticket_tarot_heroism_01.jpg

19974,Mudskunk Lure,https://render-eu.worldofwarcraft.com/icons/56/inv_cask_01.jpg

19998,Bloodvine Lens,https://render-eu.worldofwarcraft.com/icons/56/inv_helmet_44.jpg

19999,Bloodvine Goggles,https://render-eu.worldofwarcraft.com/icons/56/inv_helmet_47.jpg

20380,Dreamscale Breastplate,https://render-eu.worldofwarcraft.com/icons/56/inv_chest_plate08.jpg

20698,Elemental Attuned Blade,https://render-eu.worldofwarcraft.com/icons/56/inv_sword_22.jpg

20820,Simple Pearl Ring,https://render-eu.worldofwarcraft.com/icons/56/inv_jewelry_ring_28.jpg

20903,Recruit's Boots,https://render-eu.worldofwarcraft.com/icons/56/inv_boots_chain_04.jpg

20907,Solid Bronze Ring,https://render-eu.worldofwarcraft.com/icons/56/inv_jewelry_ring_14.jpg

20967,Citrine Pendant of Golden Healing,https://render-eu.worldofwarcraft.com/icons/56/inv_jewelry_necklace_06.jpg

21765,Truesilver Healing Ring,https://render-eu.worldofwarcraft.com/icons/56/inv_jewelry_ring_26.jpg

21767,Simple Opal Ring,https://render-eu.worldofwarcraft.com/icons/56/inv_jewelry_ring_17.jpg

21775,Onslaught Ring,https://render-eu.worldofwarcraft.com/icons/56/inv_jewelry_ring_27.jpg

21933,Thick Bronze Necklace,https://render-eu.worldofwarcraft.com/icons/56/inv_belt_19.jpg

22652,Glacial Vest,https://render-eu.worldofwarcraft.com/icons/56/inv_chest_cloth_08.jpg

25886,Purple Smoke Flare,https://render-eu.worldofwarcraft.com/icons/56/inv_misc_missilesmall_purple.jpg

27660,Talbuk Steak,https://render-eu.worldofwarcraft.com/icons/56/inv_misc_food_84_roastclefthoof.jpg

27940,Marvelous Madstone of Immortality,https://render-eu.worldofwarcraft.com/icons/56/inv_jewelry_necklace_14.jpg

27976,Polished Pendant of Edible Energy,https://render-eu.worldofwarcraft.com/icons/56/inv_jewelry_amulet_06.jpg

27978,Soap on a Rope,https://render-eu.worldofwarcraft.com/icons/56/inv_jewelry_necklace_10.jpg

31672,Mok'Nathal Shortribs,https://render-eu.worldofwarcraft.com/icons/56/inv_misc_food_48.jpg

31679,Fel Strength Elixir,https://render-eu.worldofwarcraft.com/icons/56/inv_potion_152.jpg

33185,Adamantite Weapon Chain,https://render-eu.worldofwarcraft.com/icons/56/spell_frost_chainsofice.jpg

33791,Heavy Copper Longsword,https://render-eu.worldofwarcraft.com/icons/56/inv_sword_25.jpg

36121,Taunka Spaulders,https://render-eu.worldofwarcraft.com/icons/56/inv_shoulder_73.jpg

36326,Halgrind Gloves,https://render-eu.worldofwarcraft.com/icons/56/inv_gauntlets_53.jpg

36561,Mummified Paw,https://render-eu.worldofwarcraft.com/icons/56/inv_gauntlets_31.jpg

36575,Dragonflayer Hatchet,https://render-eu.worldofwarcraft.com/icons/56/inv_axe_77.jpg

36633,Palisade Crossbow,https://render-eu.worldofwarcraft.com/icons/56/inv_weapon_crossbow_24.jpg

38918,Enchant Weapon - Major Intellect,https://render-eu.worldofwarcraft.com/icons/56/inv_misc_enchantedscroll.jpg

39965,Stalwart Huge Citrine,https://render-eu.worldofwarcraft.com/icons/56/inv_jewelcrafting_gem_20.jpg

43853,Titanium Skeleton Key,https://render-eu.worldofwarcraft.com/icons/56/inv_misc_key_11.jpg

43854,Cobalt Skeleton Key,https://render-eu.worldofwarcraft.com/icons/56/inv_misc_key_07.jpg

44253,Darkmoon Card: Greatness,https://render-eu.worldofwarcraft.com/icons/56/inv_inscription_tarotgreatness.jpg

44262,Three of Prisms,https://render-eu.worldofwarcraft.com/icons/56/inv_inscription_tarotprism.jpg

44263,Four of Prisms,https://render-eu.worldofwarcraft.com/icons/56/inv_inscription_tarotprism.jpg

44265,Six of Prisms,https://render-eu.worldofwarcraft.com/icons/56/inv_inscription_tarotprism.jpg

44266,Seven of Prisms,https://render-eu.worldofwarcraft.com/icons/56/inv_inscription_tarotprism.jpg

44282,Six of Chaos,https://render-eu.worldofwarcraft.com/icons/56/inv_inscription_tarotchaos.jpg

44970,Dun Morogh Cub,https://render-eu.worldofwarcraft.com/icons/56/ability_mount_polarbear_black.jpg

45627,Amulet of Truesight,https://render-eu.worldofwarcraft.com/icons/56/inv_jewelry_necklace_04.jpg

49524,Goblin Brawler's Harness,https://render-eu.worldofwarcraft.com/icons/56/inv_chest_leather_04.jpg

52289,Fleet Shadowspirit Diamond,https://render-eu.worldofwarcraft.com/icons/56/inv_misc_metagem_b.jpg

52292,Bracing Shadowspirit Diamond,https://render-eu.worldofwarcraft.com/icons/56/inv_misc_metagem_b.jpg

55261,Ring of the Great Whale,https://render-eu.worldofwarcraft.com/icons/56/inv_jewelry_ring_50naxxramas.jpg

55325,Rustmaul Crossbow,https://render-eu.worldofwarcraft.com/icons/56/inv_bow_2h_crossbow_cataclysm_b_01.jpg

55640,Nighthaven Bindings,https://render-eu.worldofwarcraft.com/icons/56/inv_bracer_leather_cataclysm_b_01.jpg

55685,Nighthaven Britches,https://render-eu.worldofwarcraft.com/icons/56/inv_pants_leather_cataclysm_b_01.jpg

56968,Bug Juice,https://render-eu.worldofwarcraft.com/icons/56/inv_misc_slime_01.jpg

58258,Smoked String Cheese,https://render-eu.worldofwarcraft.com/icons/56/inv_misc_candle_02.jpg

58259,Highland Sheep Cheese,https://render-eu.worldofwarcraft.com/icons/56/inv_misc_food_05.jpg

58276,Gilnean White,https://render-eu.worldofwarcraft.com/icons/56/inv_misc_food_36.jpg

58277,Simmered Squid,https://render-eu.worldofwarcraft.com/icons/56/inv_misc_fish_13.jpg

58278,Tropical Sunfruit,https://render-eu.worldofwarcraft.com/icons/56/inv_misc_food_41.jpg

58279,Tasty Puffball,https://render-eu.worldofwarcraft.com/icons/56/inv_mushroom_12.jpg

58280,Stewed Rabbit,https://render-eu.worldofwarcraft.com/icons/56/inv_misc_food_64.jpg

59227,Rock-Hard Biscuit,https://render-eu.worldofwarcraft.com/icons/56/inv_stone_16.jpg

59228,Vile Purple Fungus,https://render-eu.worldofwarcraft.com/icons/56/inv_misc_organ_09.jpg

59231,Oily Giblets,https://render-eu.worldofwarcraft.com/icons/56/inv_misc_organ_06.jpg

59232,Unidentifiable Meat Dish,https://render-eu.worldofwarcraft.com/icons/56/inv_misc_food_meat_cooked_04.jpg

59477,Subtle Cogwheel,https://render-eu.worldofwarcraft.com/icons/56/inv_misc_enggizmos_30.jpg

62091,Pockmarked Cloth Vest,https://render-eu.worldofwarcraft.com/icons/56/inv_shirt_04.jpg

62328,Shed Fur,https://render-eu.worldofwarcraft.com/icons/56/inv_misc_monstertail_01.jpg

62522,Vampiric Fang,https://render-eu.worldofwarcraft.com/icons/56/inv_misc_bone_08.jpg

62662,Grilled Dragon,https://render-eu.worldofwarcraft.com/icons/56/inv_misc_food_122_steak.jpg

67047,Band of Pleasant Pain,https://render-eu.worldofwarcraft.com/icons/56/inv_misc_vinering.jpg

68611,Red Shirt,https://render-eu.worldofwarcraft.com/icons/56/inv_shirt_red_01.jpg

68797,Stendel's Wedding Band,https://render-eu.worldofwarcraft.com/icons/56/inv_jewelry_ring_13.jpg

74919,Pandaren Banquet,https://render-eu.worldofwarcraft.com/icons/56/inv_misc_food_cooked_pabanquet_general.jpg

75067,Vicious Sapphire Ring,https://render-eu.worldofwarcraft.com/icons/56/inv_jewelry_ring_79.jpg

76504,Stormy Lapis Lazuli,https://render-eu.worldofwarcraft.com/icons/56/inv_misc_gem_x4_uncommon_cut_blue.jpg

76887,Fleet Primal Diamond,https://render-eu.worldofwarcraft.com/icons/56/inv_misc_gem_x4_metagem_cut.jpg

76892,Enigmatic Primal Diamond,https://render-eu.worldofwarcraft.com/icons/56/inv_misc_gem_x4_metagem_cut.jpg

81200,Vial of Swirling Mist,https://render-eu.worldofwarcraft.com/icons/56/inv_potion_15.jpg

82107,Barbarian Hammer,https://render-eu.worldofwarcraft.com/icons/56/inv_mace_2h_pandariaquest_b_01.jpg

83794,Shadowfire Necklace,https://render-eu.worldofwarcraft.com/icons/56/inv_jewelry_necklace_109.jpg

83800,Lionsfall Ring,https://render-eu.worldofwarcraft.com/icons/56/inv_jewelry_ring_98.jpg

106284,Scraggly Cloth Shoulderpads,https://render-eu.worldofwarcraft.com/icons/56/inv_shoulder_09.jpg

106302,Acid Scarred Plate Gloves,https://render-eu.worldofwarcraft.com/icons/56/inv_gauntlets_28.jpg

106402,Coldsnout Gloves,https://render-eu.worldofwarcraft.com/icons/56/inv_glove_leather_draenorquest90_b_01.jpg

106410,Lunarglow Leggings,https://render-eu.worldofwarcraft.com/icons/56/inv_pant_cloth_draenorquest90_b_01.jpg

106414,Lunarglow Wristwraps,https://render-eu.worldofwarcraft.com/icons/56/inv_bracer_cloth_draenorquest90_b_01.jpg

115351,"""Rylak Claws""",https://render-eu.worldofwarcraft.com/icons/56/inv_misc_food_73cinnamonroll.jpg

116142,Schematic: Alliance Firework,https://render-eu.worldofwarcraft.com/icons/56/inv_scroll_03.jpg

121071,Enchanted Roc Feather,https://render-eu.worldofwarcraft.com/icons/56/inv_feather_15.jpg

121100,Hillstride Legguards,https://render-eu.worldofwarcraft.com/icons/56/inv_pant_mail_legionquest100_b_01.jpg

121343,Warped-Plate Belt,https://render-eu.worldofwarcraft.com/icons/56/inv_belt_06.jpg

127705,Lost Netherpup,https://render-eu.worldofwarcraft.com/icons/56/inv_pet_frostwolfpup_shadow.jpg

127754,Periwinkle Calf,https://render-eu.worldofwarcraft.com/icons/56/inv_babyhippo01.jpg

128711,Darkmoon Deck: Immortality,https://render-eu.worldofwarcraft.com/icons/56/70_inscription_deck_immortality.jpg

131277,Veiled Pauldrons,https://render-eu.worldofwarcraft.com/icons/56/inv_shoulder_27.jpg

136342,Obliterum Ash,https://render-eu.worldofwarcraft.com/icons/56/inv_obliterum_ash.jpg

139405,Kul'Tiras Marine Issue Boots,https://render-eu.worldofwarcraft.com/icons/56/inv_boot_plate_legionquest100_b_01.jpg

141292,Crystallizing Mana,https://render-eu.worldofwarcraft.com/icons/56/inv_elemental_mote_mana.jpg

151645,Model D1-BB-L3R,https://render-eu.worldofwarcraft.com/icons/56/creatureportrait_babyspider.jpg

158858,Adder's Fork,https://render-eu.worldofwarcraft.com/icons/56/item_fierysilkgland.jpg

159917,Honorable Combatant's Satin Cloak,https://render-eu.worldofwarcraft.com/icons/56/ivn_cape_cloth_warfrontshorde_d_01.jpg

159939,Honorable Combatant's Intuitive Staff,https://render-eu.worldofwarcraft.com/icons/56/inv_staff_2h_jcprofession_c_01.jpg

160925,Crusty Cutlass,https://render-eu.worldofwarcraft.com/icons/56/inv_sword_27.jpg

160934,Mud-Soaked Crossbow,https://render-eu.worldofwarcraft.com/icons/56/inv_weapon_crossbow_02.jpg

162583,Swamp Spice P'terrorwings,https://render-eu.worldofwarcraft.com/icons/56/inv_misc_food_legion_saltpeppershank.jpg

164705,Sinister Combatant's Mail Gauntlets,https://render-eu.worldofwarcraft.com/icons/56/inv_glove_mail_warfrontsalliance_b_01.jpg

164708,Sinister Combatant's Mail Armguards,https://render-eu.worldofwarcraft.com/icons/56/inv_bracer_mail_warfrontsalliance_b_01.jpg

176289,Withered Leather Belt,https://render-eu.worldofwarcraft.com/icons/56/inv_belt_04.jpg

178116,Squishy Eyeball,https://render-eu.worldofwarcraft.com/icons/56/inv_misc_eye_02.jpg

184341,Nibbled Portalbello,https://render-eu.worldofwarcraft.com/icons/56/inv_misc_herb_ghostmushroomcap.jpg

185478,Dagger-Length Talons,https://render-eu.worldofwarcraft.com/icons/56/inv_misc_raptortalon_black.jpg

185739,Crystaline Shard,https://render-eu.worldofwarcraft.com/icons/56/inv_misc_largeshard_superior.jpg

186017,Korthite Crystal,https://render-eu.worldofwarcraft.com/icons/56/inv_jewelcrafting_90_gem_green.jpg

186107,Mawsworn Darkcaster's Robes,https://render-eu.worldofwarcraft.com/icons/56/inv_robe_cloth_oribosquesting_b_01.jpg

186118,Mawsworn Assassin's Belt,https://render-eu.worldofwarcraft.com/icons/56/inv_belt_oribosquesting_b_01.jpg

186119,Mawsworn Assassin's Bracers,https://render-eu.worldofwarcraft.com/icons/56/inv_bracer_oribosquesting_b_01.jpg

186120,Mawsworn Scout's Chainmail,https://render-eu.worldofwarcraft.com/icons/56/inv_mail_oribosquesting_b_01_chest.jpg

186131,Mawsworn Guard's Gauntlets,https://render-eu.worldofwarcraft.com/icons/56/inv_glove_plate_oribosquesting_b_01.jpg

186132,Mawsworn Guard's Legguards,https://render-eu.worldofwarcraft.com/icons/56/inv_pant_plate_oribosquesting_b_01.jpg

186143,Mawsworn Assassin's Backstabber,https://render-eu.worldofwarcraft.com/icons/56/inv_knife_1h_oribosdungeon_c_02.jpg

186154,Mawsworn Guard's Cleaver,https://render-eu.worldofwarcraft.com/icons/56/inv_sword_2h_oribosdungeon_c_01.jpg

186356,Forlorn Prisoner's Strap,https://render-eu.worldofwarcraft.com/icons/56/inv_cloth_mawraid_d_01_belt.jpg

186358,Soulcaster's Woven Grips,https://render-eu.worldofwarcraft.com/icons/56/inv_cloth_mawraid_d_01_glove.jpg

186359,Scoundrel's Harrowed Leggings,https://render-eu.worldofwarcraft.com/icons/56/inv_pant_leather_mawraid_d_01.jpg

186362,Bindings of the Subjugated,https://render-eu.worldofwarcraft.com/icons/56/inv_mail_mawraid_d_01_bracer.jpg

186364,Cord of Coerced Spirits,https://render-eu.worldofwarcraft.com/icons/56/inv_mail_mawraid_d_01_buckle.jpg

186367,Bonded Soulsmelt Greaves,https://render-eu.worldofwarcraft.com/icons/56/inv_mail_mawraid_d_01_pants.jpg

186371,Ancient Brokensoul Bands,https://render-eu.worldofwarcraft.com/icons/56/inv_bracer_plate_mawraid_d_01.jpg

186373,Towering Shadowghast Greatboots,https://render-eu.worldofwarcraft.com/icons/56/inv_boot_plate_mawraid_d_01.jpg

186522,Contract: Death's Advance,https://render-eu.worldofwarcraft.com/icons/56/inv_inscription_90_contract_korthia.jpg

186662,Vantus Rune: Sanctum of Domination,https://render-eu.worldofwarcraft.com/icons/56/inv_inscription_90_vantusrune_torghast.jpg

186698,Torch Burst,https://render-eu.worldofwarcraft.com/icons/56/inv_alchemy_90_modifiedreagent_orange.jpg

186985,Elusive Pet Treat,https://render-eu.worldofwarcraft.com/icons/56/inv_misc_bone_01.jpg

187011,Mawsworn Enforcer's Shoulder-Spires,https://render-eu.worldofwarcraft.com/icons/56/inv_shoulder_armor_maw_c_01.jpg

187023,Instructor's Mantle,https://render-eu.worldofwarcraft.com/icons/56/inv_shoulder_armor_maw_c_12.jpg

187180,Pitted Diaphanous Wing,https://render-eu.worldofwarcraft.com/icons/56/inv_icon_wing03b.jpg

